arm,t_sim_from_off,mono,z_up,r_horiz,north,east
S,-0.1760,2617.7258,4.3997,10.2382,10.1825,1.0666
S,-0.1560,2617.7460,4.4054,10.2444,10.1870,1.0826
S,-0.1360,2617.7671,4.4107,10.2497,10.1907,1.0978
S,-0.1160,2617.7871,4.4157,10.2542,10.1937,1.1122
S,-0.0800,2617.8224,4.4242,10.2603,10.1973,1.1361
S,-0.0400,2617.8619,4.4339,10.2653,10.1996,1.1594
S,-0.0200,2617.8823,4.4390,10.2675,10.2006,1.1696
S,0.0000,2617.9031,4.4444,10.2697,10.2018,1.1788
S,0.0200,2617.9244,4.4499,10.2719,10.2031,1.1870
S,0.0560,2617.9591,4.4603,10.2765,10.2063,1.1993
S,0.0960,2617.9976,4.4717,10.2816,10.2104,1.2079
S,0.1160,2618.0186,4.4754,10.2812,10.2103,1.2050
S,0.1560,2618.0582,4.4807,10.2742,10.2058,1.1828
S,0.1920,2618.0953,4.4891,10.2676,10.2022,1.1570
S,0.2320,2618.1342,4.5024,10.2625,10.1998,1.1333
S,0.2520,2618.1544,4.5096,10.2612,10.1993,1.1254
S,0.2720,2618.1749,4.5166,10.2607,10.1993,1.1208
S,0.3120,2618.2144,4.5284,10.2626,10.2012,1.1212
S,0.3320,2618.2352,4.5330,10.2650,10.2030,1.1262
S,0.3720,2618.2739,4.5391,10.2733,10.2094,1.1444
S,0.3920,2618.2939,4.5408,10.2796,10.2143,1.1574
S,0.4120,2618.3143,4.5417,10.2876,10.2205,1.1724
S,0.4520,2618.3537,4.5410,10.3090,10.2379,1.2082
S,0.4720,2618.3742,4.5396,10.3227,10.2494,1.2284
S,0.5120,2618.4152,4.5351,10.3567,10.2783,1.2720
S,0.5480,2618.4496,4.5294,10.3946,10.3113,1.3137
S,0.5680,2618.4711,4.5258,10.4187,10.3324,1.3376
S,0.6080,2618.5106,4.5177,10.4725,10.3804,1.3858
S,0.6480,2618.5510,4.5091,10.5332,10.4351,1.4340
S,0.6880,2618.5915,4.5005,10.5994,10.4953,1.4816
S,0.7240,2618.6269,4.4931,10.6624,10.5530,1.5240
S,0.7440,2618.6482,4.4892,10.6985,10.5861,1.5473
S,0.7840,2618.6855,4.4819,10.7723,10.6538,1.5938
S,0.8040,2618.7063,4.4786,10.8097,10.6881,1.6170
S,0.8440,2618.7457,4.4723,10.8850,10.7571,1.6640
S,0.8640,2618.7672,4.4695,10.9228,10.7916,1.6878
S,0.9040,2618.8061,4.4640,10.9984,10.8604,1.7364
S,0.9440,2618.8463,4.4588,11.0739,10.9288,1.7869
S,0.9800,2618.8833,4.4544,11.1419,10.9899,1.8340
S,1.0200,2618.9218,4.4503,11.2177,11.0576,1.8887
S,1.0400,2618.9426,4.4489,11.2558,11.0914,1.9169
S,1.0760,2618.9780,4.4483,11.3246,11.1520,1.9693
S,1.0960,2618.9985,4.4491,11.3630,11.1857,1.9993
S,1.1360,2619.0380,4.4524,11.4400,11.2528,2.0608
S,1.1560,2619.0591,4.4548,11.4786,11.2863,2.0923
S,1.1960,2619.1002,4.4605,11.5559,11.3528,2.1566
S,1.2360,2619.1380,4.4673,11.6331,11.4188,2.2227
S,1.2760,2619.1783,4.4748,11.7103,11.4842,2.2905
S,1.3120,2619.2134,4.4820,11.7798,11.5424,2.3531
S,1.3480,2619.2498,4.4897,11.8492,11.5999,2.4175
S,1.3680,2619.2705,4.4942,11.8877,11.6317,2.4541
S,1.3880,2619.2912,4.4988,11.9263,11.6632,2.4912
S,1.4280,2619.3301,4.5084,12.0036,11.7259,2.5673
S,1.4480,2619.3501,4.5134,12.0424,11.7570,2.6062
S,1.4880,2619.3895,4.5237,12.1202,11.8189,2.6858
S,1.5080,2619.4114,4.5289,12.1593,11.8496,2.7265
S,1.5480,2619.4510,4.5396,12.2378,11.9109,2.8095
S,1.5880,2619.4909,4.5503,12.3168,11.9718,2.8945
S,1.6280,2619.5293,4.5610,12.3963,12.0325,2.9813
S,1.6480,2619.5516,4.5665,12.4363,12.0627,3.0254
S,1.6880,2619.5896,4.5773,12.5167,12.1229,3.1147
S,1.7080,2619.6098,4.5827,12.5570,12.1530,3.1598
S,1.7280,2619.6303,4.5880,12.5975,12.1829,3.2054
S,1.7680,2619.6711,4.5984,12.6789,12.2426,3.2973
S,1.8080,2619.7102,4.6083,12.7607,12.3021,3.3903
S,1.8280,2619.7308,4.6131,12.8017,12.3317,3.4371
S,1.8640,2619.7675,4.6212,12.8758,12.3848,3.5220
S,1.9040,2619.8062,4.6297,12.9585,12.4435,3.6172
S,1.9240,2619.8267,4.6336,13.0000,12.4727,3.6650
S,1.9440,2619.8470,4.6373,13.0416,12.5018,3.7131
S,1.9840,2619.8865,4.6443,13.1249,12.5599,3.8097
S,2.0240,2619.9259,4.6506,13.2086,12.6175,3.9070
S,2.0440,2619.9470,4.6535,13.2505,12.6462,3.9560
S,2.0840,2619.9862,4.6587,13.3346,12.7033,4.0543
S,2.1240,2620.0264,4.6635,13.4189,12.7599,4.1533
S,2.1640,2620.0662,4.6677,13.5034,12.8161,4.2530
S,2.2040,2620.1055,4.6716,13.5881,12.8719,4.3532
S,2.2440,2620.1463,4.6752,13.6730,12.9272,4.4540
S,2.2840,2620.1855,4.6785,13.7581,12.9821,4.5552
S,2.3040,2620.2061,4.6802,13.8006,13.0093,4.6060
S,2.3240,2620.2274,4.6818,13.8433,13.0365,4.6570
S,2.3600,2620.2635,4.6846,13.9201,13.0850,4.7489
S,2.3800,2620.2836,4.6861,13.9628,13.1118,4.8001
S,2.4200,2620.3216,4.6892,14.0484,13.1651,4.9028
S,2.4400,2620.3423,4.6907,14.0912,13.1915,4.9543
S,2.4600,2620.3631,4.6922,14.1341,13.2179,5.0060
S,2.5000,2620.4026,4.6953,14.2199,13.2702,5.1095
S,2.5200,2620.4226,4.6968,14.2628,13.2961,5.1615
S,2.5600,2620.4618,4.6998,14.3488,13.3477,5.2656
S,2.5960,2620.4998,4.7026,14.4263,13.3937,5.3597
S,2.6360,2620.5389,4.7056,14.5125,13.4443,5.4646
S,2.6560,2620.5591,4.7071,14.5556,13.4695,5.5173
S,2.6960,2620.5988,4.7101,14.6420,13.5193,5.6229
S,2.7360,2620.6376,4.7130,14.7286,13.5687,5.7289
S,2.7560,2620.6578,4.7145,14.7719,13.5932,5.7821
S,2.7760,2620.6805,4.7159,14.8153,13.6176,5.8355
S,2.8160,2620.7195,4.7188,14.9021,13.6660,5.9425
S,2.8560,2620.7583,4.7216,14.9891,13.7139,6.0500
S,2.8920,2620.7948,4.7241,15.0676,13.7566,6.1473
S,2.9320,2620.8351,4.7267,15.1549,13.8035,6.2559
S,2.9680,2620.8710,4.7290,15.2337,13.8452,6.3541
S,3.0080,2620.9129,4.7315,15.3213,13.8911,6.4638
S,3.0480,2620.9507,4.7340,15.4092,13.9365,6.5741
S,3.0680,2620.9709,4.7351,15.4532,13.9589,6.6294
S,3.1080,2621.0095,4.7374,15.5413,14.0034,6.7406
S,3.1280,2621.0301,4.7386,15.5854,14.0255,6.7964
S,3.1480,2621.0504,4.7397,15.6296,14.0474,6.8523
S,3.1880,2621.0896,4.7419,15.7180,14.0907,6.9646
S,3.2080,2621.1105,4.7430,15.7623,14.1122,7.0210
S,3.2440,2621.1464,4.7449,15.8421,14.1505,7.1228
S,3.2640,2621.1668,4.7459,15.8864,14.1715,7.1796
S,3.3040,2621.2054,4.7480,15.9753,14.2132,7.2935
S,3.3240,2621.2263,4.7490,16.0198,14.2338,7.3507
S,3.3440,2621.2469,4.7500,16.0643,14.2542,7.4080
S,3.3640,2621.2674,4.7510,16.1088,14.2745,7.4654
S,3.4040,2621.3086,4.7530,16.1980,14.3147,7.5807
S,3.4400,2621.3432,4.7548,16.2783,14.3502,7.6848
S,3.4800,2621.3825,4.7568,16.3677,14.3891,7.8010
S,3.5200,2621.4224,4.7587,16.4572,14.4275,7.9176
S,3.5400,2621.4442,4.7597,16.5020,14.4464,7.9760
S,3.5800,2621.4830,4.7617,16.5915,14.4837,8.0933
S,3.6200,2621.5228,4.7637,16.6810,14.5202,8.2110
S,3.6600,2621.5627,4.7657,16.7706,14.5561,8.3291
S,3.6960,2621.5991,4.7675,16.8512,14.5877,8.4357
S,3.7160,2621.6208,4.7686,16.8959,14.6050,8.4951
S,3.7560,2621.6581,4.7706,16.9854,14.6390,8.6141
S,3.7760,2621.6782,4.7716,17.0301,14.6557,8.6738
S,3.8160,2621.7175,4.7737,17.1194,14.6885,8.7934
S,3.8520,2621.7544,4.7755,17.1998,14.7173,8.9013
S,3.8920,2621.7946,4.7776,17.2889,14.7485,9.0215
S,3.9120,2621.8162,4.7787,17.3335,14.7638,9.0817
S,3.9520,2621.8551,4.7808,17.4224,14.7938,9.2024
S,3.9880,2621.8911,4.7827,17.5024,14.8201,9.3112
S,4.0280,2621.9303,4.7849,17.5910,14.8483,9.4324
S,4.0640,2621.9667,4.7869,17.6706,14.8730,9.5416
S,4.1000,2622.0031,4.7889,17.7500,14.8969,9.6511
S,4.1400,2622.0433,4.7911,17.8380,14.9225,9.7730
S,4.1760,2622.0799,4.7932,17.9169,14.9447,9.8830
S,4.2160,2622.1184,4.7955,18.0043,14.9683,10.0053
S,4.2360,2622.1392,4.7966,18.0480,14.9797,10.0666
S,4.2560,2622.1595,4.7978,18.0915,14.9909,10.1279
S,4.2760,2622.1801,4.7990,18.1350,15.0018,10.1893
S,4.3160,2622.2180,4.8014,18.2216,15.0229,10.3122
S,4.3520,2622.2541,4.8036,18.2993,15.0409,10.4230
S,4.3920,2622.2955,4.8061,18.3854,15.0598,10.5463
S,4.4280,2622.3317,4.8084,18.4624,15.0757,10.6575
S,4.4680,2622.3702,4.8110,18.5476,15.0923,10.7813
S,4.5080,2622.4127,4.8136,18.6324,15.1076,10.9055
S,4.5480,2622.4514,4.8163,18.7168,15.1215,11.0298
S,4.5880,2622.4910,4.8190,18.8007,15.1342,11.1545
S,4.6080,2622.5115,4.8203,18.8425,15.1401,11.2169
S,4.6440,2622.5468,4.8229,18.9175,15.1498,11.3293
S,4.6840,2622.5863,4.8257,19.0003,15.1593,11.4546
S,4.7240,2622.6259,4.8287,19.0827,15.1675,11.5800
S,4.7440,2622.6473,4.8302,19.1237,15.1709,11.6429
S,4.7840,2622.6864,4.8333,19.2052,15.1768,11.7688
S,4.8240,2622.7270,4.8365,19.2863,15.1813,11.8948
S,4.8640,2622.7661,4.8397,19.3667,15.1841,12.0213
S,4.9000,2622.8028,4.8427,19.4385,15.1852,12.1353
S,4.9200,2622.8230,4.8444,19.4781,15.1852,12.1987
S,4.9600,2622.8624,4.8479,19.5570,15.1840,12.3257
S,5.0000,2622.9017,4.8515,19.6352,15.1811,12.4530
S,5.0400,2622.9423,4.8552,19.7126,15.1761,12.5806
S,5.0800,2622.9833,4.8591,19.7892,15.1692,12.7086
S,5.1200,2623.0216,4.8631,19.8651,15.1604,12.8368
S,5.1400,2623.0423,4.8652,19.9028,15.1554,12.9009
S,5.1800,2623.0820,4.8697,19.9776,15.1438,13.0295
S,5.2000,2623.1026,4.8721,20.0147,15.1372,13.0940
S,5.2400,2623.1416,4.8770,20.0881,15.1222,13.2231
S,5.2600,2623.1620,4.8796,20.1244,15.1137,13.2878
S,5.2720,2623.2004,4.8811,20.1459,15.1082,13.3267
S,5.3120,2623.2403,4.8861,20.2187,15.0876,13.4596
S,5.3480,2623.2771,4.8909,20.2937,15.0667,13.5952
S,5.3680,2623.2974,4.8964,20.3382,15.0546,13.6749
S,5.4040,2623.3331,4.9145,20.4178,15.0307,13.8189
S,5.4400,2623.3690,4.9419,20.4911,15.0026,13.9573
S,5.4600,2623.3893,4.9592,20.5268,14.9845,14.0290
S,5.5000,2623.4284,4.9931,20.5848,14.9425,14.1582
S,5.5200,2623.4487,5.0080,20.6069,14.9184,14.2156
S,5.5600,2623.4890,5.0314,20.6380,14.8644,14.3169
S,5.5800,2623.5091,5.0396,20.6473,14.8345,14.3613
S,5.6200,2623.5487,5.0497,20.6545,14.7691,14.4389
S,5.6600,2623.5907,5.0525,20.6471,14.6962,14.5026
S,5.6960,2623.6252,5.0503,20.6290,14.6246,14.5491
S,5.7360,2623.6653,5.0442,20.5971,14.5388,14.5899
S,5.7760,2623.7045,5.0355,20.5537,14.4469,14.6199
S,5.8120,2623.7401,5.0265,20.5058,14.3596,14.6387
S,5.8520,2623.7806,5.0158,20.4437,14.2580,14.6511
S,5.8920,2623.8216,5.0048,20.3730,14.1522,14.6553
S,5.9320,2623.8615,4.9937,20.2945,14.0424,14.6519
S,5.9720,2623.9017,4.9827,20.2087,13.9292,14.6414
S,6.0120,2623.9398,4.9719,20.1162,13.8129,14.6240
S,6.0320,2623.9613,4.9665,20.0675,13.7538,14.6129
S,6.0720,2624.0016,4.9559,19.9654,13.6337,14.5856
S,6.1120,2624.0404,4.9453,19.8574,13.5116,14.5518
S,6.1320,2624.0628,4.9400,19.8012,13.4499,14.5324
S,6.1720,2624.1005,4.9294,19.6849,13.3254,14.4888
S,6.1920,2624.1206,4.9241,19.6247,13.2629,14.4647
S,6.2320,2624.1601,4.9135,19.5006,13.1372,14.4114
S,6.2520,2624.1812,4.9081,19.4367,13.0742,14.3823
S,6.2720,2624.2014,4.9028,19.3717,13.0113,14.3516
S,6.3120,2624.2398,4.8920,19.2383,12.8856,14.2854
S,6.3320,2624.2599,4.8865,19.1700,12.8230,14.2499
S,6.3680,2624.2967,4.8766,19.0445,12.7111,14.1818
S,6.4080,2624.3368,4.8653,18.9016,12.5879,14.1002
S,6.4480,2624.3758,4.8538,18.7552,12.4664,14.0123
S,6.4880,2624.4156,4.8421,18.6056,12.3470,13.9184
S,6.5080,2624.4362,4.8361,18.5298,12.2882,13.8691
S,6.5480,2624.4758,4.8239,18.3760,12.1725,13.7663
S,6.5680,2624.4963,4.8176,18.2982,12.1156,13.7127
S,6.6080,2624.5369,4.8049,18.1409,12.0041,13.6012
S,6.6480,2624.5772,4.7919,17.9815,11.8957,13.4843
S,6.6880,2624.6178,4.7784,17.8202,11.7906,13.3620
S,6.7280,2624.6566,4.7646,17.6574,11.6889,13.2346
S,6.7640,2624.6926,4.7519,17.5096,11.6003,13.1156
S,6.7840,2624.7127,4.7448,17.4271,11.5524,13.0478
S,6.8200,2624.7482,4.7317,17.2779,11.4684,12.9229
S,6.8600,2624.7878,4.7168,17.1112,11.3786,12.7797
S,6.8800,2624.8106,4.7093,17.0277,11.3352,12.7065
S,6.9200,2624.8488,4.6940,16.8601,11.2513,12.5568
S,6.9600,2624.8887,4.6783,16.6922,11.1713,12.4029
S,7.0000,2624.9282,4.6624,16.5241,11.0952,12.2450
S,7.0400,2624.9684,4.6463,16.3559,11.0232,12.0833
S,7.0800,2625.0089,4.6299,16.1880,10.9551,11.9179
S,7.1000,2625.0295,4.6216,16.1042,10.9226,11.8339
S,7.1400,2625.0689,4.6048,15.9369,10.8606,11.6632
S,7.1800,2625.1085,4.5879,15.7702,10.8027,11.4893
S,7.2000,2625.1288,4.5793,15.6872,10.7752,11.4010
S,7.2360,2625.1637,4.5638,15.5384,10.7284,11.2403
S,7.2760,2625.2039,4.5464,15.3742,10.6802,11.0589
S,7.2960,2625.2240,4.5377,15.2926,10.6576,10.9671
S,7.3160,2625.2442,4.5289,15.2113,10.6361,10.8747
S,7.3560,2625.2842,4.5112,15.0500,10.5960,10.6877
S,7.3960,2625.3253,4.4934,14.8905,10.5602,10.4981
S,7.4360,2625.3643,4.4755,14.7331,10.5284,10.3062
S,7.4760,2625.4041,4.4575,14.5779,10.5007,10.1119
S,7.5160,2625.4439,4.4395,14.4253,10.4771,9.9156
S,7.5560,2625.4841,4.4214,14.2754,10.4577,9.7172
S,7.5920,2625.5206,4.4051,14.1431,10.4436,9.5371
S,7.6320,2625.5601,4.3869,13.9991,10.4319,9.3354
S,7.6720,2625.5996,4.3688,13.8585,10.4242,9.1321
S,7.6920,2625.6198,4.3598,13.7896,10.4219,9.0299
S,7.7120,2625.6412,4.3507,13.7217,10.4206,8.9273
S,7.7520,2625.6803,4.3326,13.5889,10.4209,8.7213
S,7.7920,2625.7196,4.3145,13.4602,10.4253,8.5141
S,7.8120,2625.7408,4.3055,13.3975,10.4290,8.4101
S,7.8320,2625.7608,4.2965,13.3359,10.4336,8.3058
S,7.8520,2625.7815,4.2876,13.2755,10.4392,8.2013
S,7.8920,2625.8204,4.2697,13.1583,10.4534,7.9917
S,7.9120,2625.8407,4.2608,13.1016,10.4620,7.8867
S,7.9320,2625.8616,4.2520,13.0462,10.4715,7.7814
S,7.9720,2625.8999,4.2343,12.9393,10.4935,7.5706
S,7.9920,2625.9226,4.2255,12.8879,10.5059,7.4649
S,8.0320,2625.9606,4.2081,12.7894,10.5336,7.2535
S,8.0720,2626.0007,4.1908,12.6968,10.5650,7.0419
S,8.0920,2626.0216,4.1820,12.6525,10.5820,6.9359
S,8.1320,2626.0603,4.1607,12.5617,10.6151,6.7168
N,-0.2000,4037.3539,5.4646,1.2894,0.1314,-1.2827
N,-0.1600,4037.3938,5.5198,1.2968,0.0756,-1.2946
N,-0.1200,4037.4338,5.5744,1.3046,0.0192,-1.3044
N,-0.0800,4037.4738,5.6283,1.3126,-0.0376,-1.3120
N,-0.0400,4037.5137,5.6814,1.3208,-0.0949,-1.3174
N,-0.0200,4037.5339,5.7077,1.3250,-0.1236,-1.3192
N,0.0000,4037.5548,5.7339,1.3293,-0.1524,-1.3205
N,0.0400,4037.5938,5.7859,1.3379,-0.2102,-1.3213
N,0.0800,4037.6338,5.8372,1.3473,-0.2681,-1.3204
N,0.1000,4037.6539,5.8617,1.3555,-0.2980,-1.3223
N,0.1400,4037.6938,5.9068,1.3800,-0.3606,-1.3321
N,0.1800,4037.7338,5.9463,1.4081,-0.4241,-1.3427
N,0.2000,4037.7540,5.9640,1.4214,-0.4554,-1.3465
N,0.2400,4037.7938,5.9953,1.4438,-0.5160,-1.3485
N,0.2600,4037.8141,6.0088,1.4524,-0.5452,-1.3462
N,0.3000,4037.8541,6.0314,1.4637,-0.6013,-1.3345
N,0.3400,4037.8940,6.0483,1.4671,-0.6543,-1.3131
N,0.3800,4037.9338,6.0600,1.4631,-0.7042,-1.2825
N,0.4000,4037.9541,6.0643,1.4587,-0.7280,-1.2640
N,0.4400,4037.9939,6.0700,1.4455,-0.7731,-1.2214
N,0.4600,4038.0140,6.0718,1.4370,-0.7944,-1.1975
N,0.5000,4038.0538,6.0736,1.4171,-0.8345,-1.1453
N,0.5400,4038.0938,6.0736,1.3938,-0.8713,-1.0878
N,0.5800,4038.1338,6.0725,1.3681,-0.9050,-1.0260
N,0.6000,4038.1539,6.0716,1.3545,-0.9206,-0.9935
N,0.6400,4038.1938,6.0693,1.3265,-0.9499,-0.9259
N,0.6600,4038.2139,6.0681,1.3121,-0.9635,-0.8907
N,0.7000,4038.2539,6.0654,1.2832,-0.9890,-0.8177
N,0.7400,4038.2940,6.0626,1.2546,-1.0122,-0.7413
N,0.7800,4038.3337,6.0601,1.2271,-1.0335,-0.6615
N,0.8200,4038.3737,6.0578,1.2012,-1.0528,-0.5784
N,0.8400,4038.3939,6.0568,1.1893,-1.0618,-0.5356
N,0.8600,4038.4140,6.0559,1.1780,-1.0703,-0.4921
N,0.9000,4038.4538,6.0544,1.1582,-1.0859,-0.4029
N,0.9200,4038.4739,6.0539,1.1499,-1.0930,-0.3572
N,0.9600,4038.5138,6.0532,1.1369,-1.1058,-0.2640
N,0.9800,4038.5338,6.0531,1.1325,-1.1116,-0.2164
N,1.0000,4038.5539,6.0531,1.1294,-1.1168,-0.1683
N,1.0200,4038.5745,6.0532,1.1280,-1.1216,-0.1197
N,1.0600,4038.6141,6.0539,1.1299,-1.1297,-0.0210
N,1.1000,4038.6538,6.0549,1.1386,-1.1358,0.0794
N,1.1200,4038.6738,6.0556,1.1455,-1.1381,0.1302
N,1.1400,4038.6940,6.0564,1.1542,-1.1399,0.1813
N,1.1800,4038.7338,6.0582,1.1768,-1.1419,0.2844
N,1.2000,4038.7538,6.0592,1.1907,-1.1422,0.3363
N,1.2200,4038.7739,6.0603,1.2062,-1.1419,0.3885
N,1.2600,4038.8137,6.0627,1.2420,-1.1398,0.4934
N,1.2800,4038.8338,6.0639,1.2623,-1.1380,0.5462
N,1.3200,4038.8740,6.0665,1.3071,-1.1328,0.6521
N,1.3600,4038.9137,6.0693,1.3573,-1.1256,0.7585
N,1.4000,4038.9537,6.0721,1.4125,-1.1164,0.8653
N,1.4200,4038.9738,6.0735,1.4417,-1.1111,0.9187
N,1.4600,4039.0138,6.0765,1.5033,-1.0989,1.0258
N,1.4800,4039.0338,6.0780,1.5355,-1.0920,1.0794
N,1.5000,4039.0538,6.0795,1.5686,-1.0848,1.1330
N,1.5200,4039.0740,6.0811,1.6025,-1.0770,1.1866
N,1.5600,4039.1139,6.0842,1.6725,-1.0600,1.2937
N,1.6000,4039.1539,6.0874,1.7453,-1.0412,1.4007
N,1.6400,4039.1939,6.0906,1.8204,-1.0206,1.5074
N,1.6800,4039.2339,6.0940,1.8975,-0.9981,1.6138
N,1.7200,4039.2739,6.0973,1.9763,-0.9739,1.7197
N,1.7400,4039.2940,6.0991,2.0163,-0.9611,1.7725
N,1.7800,4039.3338,6.1025,2.0972,-0.9343,1.8776
N,1.8200,4039.3738,6.1061,2.1793,-0.9057,1.9822
N,1.8400,4039.3941,6.1078,2.2208,-0.8908,2.0343
N,1.8800,4039.4339,6.1114,2.3043,-0.8596,2.1380
N,1.9200,4039.4739,6.1150,2.3887,-0.8269,2.2410
N,1.9600,4039.5138,6.1186,2.4738,-0.7925,2.3434
N,1.9800,4039.5339,6.1205,2.5166,-0.7747,2.3944
N,2.0200,4039.5738,6.1241,2.6026,-0.7379,2.4958
N,2.0600,4039.6138,6.1277,2.6891,-0.6996,2.5965
N,2.1000,4039.6537,6.1312,2.7760,-0.6597,2.6965
N,2.1400,4039.6938,6.1348,2.8634,-0.6183,2.7959
N,2.1800,4039.7341,6.1382,2.9512,-0.5753,2.8945
N,2.2200,4039.7737,6.1416,3.0393,-0.5309,2.9926
N,2.2400,4039.7939,6.1433,3.0835,-0.5081,3.0413
N,2.2800,4039.8337,6.1465,3.1721,-0.4614,3.1383
N,2.3200,4039.8739,6.1497,3.2611,-0.4133,3.2348
N,2.3600,4039.9137,6.1528,3.3504,-0.3637,3.3306
N,2.3800,4039.9338,6.1543,3.3952,-0.3383,3.3783
N,2.4200,4039.9739,6.1572,3.4850,-0.2866,3.4732
N,2.4400,4039.9939,6.1586,3.5301,-0.2601,3.5205
N,2.4800,4040.0338,6.1613,3.6204,-0.2062,3.6145
N,2.5200,4040.0737,6.1639,3.7111,-0.1509,3.7080
N,2.5400,4040.0941,6.1652,3.7565,-0.1227,3.7545
N,2.5800,4040.1342,6.1676,3.8477,-0.0653,3.8471
N,2.6200,4040.1738,6.1698,3.9391,-0.0065,3.9391
N,2.6400,4040.1941,6.1709,3.9850,0.0234,3.9849
N,2.6800,4040.2338,6.1729,4.0769,0.0844,4.0760
N,2.7000,4040.2539,6.1739,4.1230,0.1153,4.1214
N,2.7400,4040.2937,6.1757,4.2154,0.1783,4.2116
N,2.7600,4040.3138,6.1766,4.2617,0.2103,4.2565
N,2.7800,4040.3339,6.1775,4.3081,0.2426,4.3012
N,2.8200,4040.3740,6.1790,4.4011,0.3083,4.3903
N,2.8600,4040.4137,6.1804,4.4944,0.3752,4.4787
N,2.8800,4040.4339,6.1811,4.5412,0.4092,4.5227
N,2.9200,4040.4740,6.1823,4.6350,0.4780,4.6102
N,2.9600,4040.5137,6.1834,4.7290,0.5482,4.6971
N,2.9800,4040.5337,6.1839,4.7761,0.5837,4.7403
N,3.0000,4040.5538,6.1843,4.8233,0.6195,4.7834
N,3.0400,4040.5938,6.1851,4.9179,0.6920,4.8690
N,3.0600,4040.6138,6.1855,4.9653,0.7287,4.9116
N,3.1000,4040.6540,6.1860,5.0603,0.8030,4.9962
N,3.1400,4040.6938,6.1865,5.1556,0.8784,5.0803
N,3.1600,4040.7140,6.1867,5.2034,0.9165,5.1220
N,3.2000,4040.7539,6.1870,5.2991,0.9936,5.2051
N,3.2400,4040.7938,6.1871,5.3951,1.0718,5.2875
N,3.2600,4040.8139,6.1871,5.4432,1.1114,5.3285
N,3.3000,4040.8539,6.1871,5.5396,1.1912,5.4100
N,3.3400,4040.8937,6.1870,5.6362,1.2720,5.4908
N,3.3600,4040.9138,6.1868,5.6846,1.3128,5.5310
N,3.3800,4040.9340,6.1867,5.7331,1.3539,5.5710
N,3.4200,4040.9738,6.1863,5.8303,1.4367,5.6505
N,3.4400,4040.9939,6.1861,5.8790,1.4786,5.6900
N,3.4800,4041.0338,6.1855,5.9765,1.5629,5.7685
N,3.5200,4041.0737,6.1849,6.0743,1.6482,5.8464
N,3.5400,4041.0938,6.1845,6.1232,1.6912,5.8850
N,3.5600,4041.1139,6.1841,6.1722,1.7345,5.9235
N,3.6000,4041.1537,6.1833,6.2704,1.8216,5.9999
N,3.6400,4041.1939,6.1823,6.3687,1.9096,6.0757
N,3.6800,4041.2338,6.1813,6.4672,1.9984,6.1507
N,3.7200,4041.2737,6.1801,6.5660,2.0881,6.2251
N,3.7600,4041.3138,6.1789,6.6649,2.1786,6.2988
N,3.8000,4041.3538,6.1776,6.7640,2.2699,6.3718
N,3.8400,4041.3936,6.1763,6.8634,2.3620,6.4441
N,3.8600,4041.4136,6.1756,6.9131,2.4083,6.4801
N,3.9000,4041.4537,6.1741,7.0128,2.5015,6.5515
N,3.9200,4041.4738,6.1734,7.0627,2.5484,6.5869
N,3.9600,4041.5139,6.1718,7.1628,2.6427,6.6574
N,4.0000,4041.5536,6.1702,7.2630,2.7376,6.7273
N,4.0200,4041.5736,6.1694,7.3132,2.7854,6.7620
N,4.0400,4041.5939,6.1685,7.3635,2.8333,6.7966
N,4.0800,4041.6344,6.1668,7.4642,2.9296,6.8653
N,4.1200,4041.6740,6.1651,7.5652,3.0265,6.9334
N,4.1600,4041.7138,6.1633,7.6664,3.1240,7.0010
N,4.2000,4041.7537,6.1615,7.7679,3.2221,7.0681
N,4.2200,4041.7738,6.1606,7.8187,3.2714,7.1014
N,4.2400,4041.7940,6.1596,7.8696,3.3207,7.1346
N,4.2800,4041.8339,6.1578,7.9715,3.4199,7.2006
N,4.3000,4041.8556,6.1568,8.0225,3.4696,7.2335
N,4.3400,4041.8937,6.1549,8.1248,3.5695,7.2987
N,4.3600,4041.9139,6.1539,8.1761,3.6197,7.3312
N,4.3800,4041.9339,6.1529,8.2274,3.6699,7.3635
N,4.4000,4041.9539,6.1519,8.2787,3.7203,7.3957
N,4.4200,4041.9740,6.1509,8.3301,3.7707,7.4278
N,4.4600,4042.0139,6.1490,8.4331,3.8720,7.4917
N,4.4800,4042.0339,6.1479,8.4847,3.9228,7.5234
N,4.5200,4042.0738,6.1459,8.5880,4.0247,7.5866
N,4.5400,4042.0938,6.1449,8.6398,4.0758,7.6180
N,4.5600,4042.1150,6.1439,8.6916,4.1270,7.6493
N,4.6000,4042.1539,6.1418,8.7953,4.2297,7.7115
N,4.6400,4042.1939,6.1397,8.8993,4.3327,7.7734
N,4.6800,4042.2338,6.1376,9.0035,4.4361,7.8348
N,4.7000,4042.2538,6.1365,9.0557,4.4879,7.8654
N,4.7400,4042.2939,6.1344,9.1602,4.5918,7.9262
N,4.7600,4042.3142,6.1333,9.2125,4.6438,7.9564
N,4.8000,4042.3536,6.1311,9.3173,4.7481,8.0167
N,4.8200,4042.3737,6.1300,9.3697,4.8004,8.0466
N,4.8400,4042.3941,6.1290,9.4223,4.8527,8.0765
N,4.8800,4042.4339,6.1268,9.5274,4.9575,8.1361
N,4.9200,4042.4738,6.1245,9.6328,5.0625,8.1952
N,4.9400,4042.4939,6.1234,9.6855,5.1151,8.2247
N,4.9800,4042.5337,6.1212,9.7911,5.2204,8.2833
N,5.0000,4042.5539,6.1200,9.8440,5.2732,8.3125
N,5.0400,4042.5948,6.1178,9.9498,5.3787,8.3707
N,5.0800,4042.6338,6.1155,10.0558,5.4845,8.4285
N,5.1200,4042.6737,6.1132,10.1620,5.5904,8.4861
N,5.1600,4042.7137,6.1109,10.2683,5.6964,8.5433
N,5.1800,4042.7337,6.1098,10.3215,5.7495,8.5718
N,5.2000,4042.7538,6.1086,10.3747,5.8026,8.6003
N,5.2200,4042.7739,6.1075,10.4280,5.8557,8.6287
N,5.2600,4042.8137,6.1052,10.5347,5.9620,8.6852
N,5.2800,4042.8338,6.1040,10.5880,6.0152,8.7134
N,5.3000,4042.8538,6.1029,10.6415,6.0685,8.7416
N,5.3200,4042.8738,6.1017,10.6949,6.1217,8.7696
N,5.3600,4042.9138,6.0994,10.8020,6.2282,8.8256
N,5.3800,4042.9338,6.0982,10.8555,6.2815,8.8535
N,5.4200,4042.9738,6.0959,10.9628,6.3881,8.9092
N,5.4600,4043.0138,6.0936,11.0702,6.4948,8.9647
N,5.5000,4043.0538,6.0913,11.1777,6.6015,9.0200
N,5.5400,4043.0940,6.0890,11.2853,6.7083,9.0751
N,5.5800,4043.1338,6.0867,11.3931,6.8150,9.1301
N,5.6200,4043.1737,6.0844,11.5010,6.9218,9.1849
N,5.6600,4043.2137,6.0820,11.6091,7.0286,9.2396
N,5.6800,4043.2340,6.0809,11.6631,7.0819,9.2669
N,5.7200,4043.2738,6.0786,11.7714,7.1887,9.3214
N,5.7400,4043.2940,6.0775,11.8256,7.2420,9.3486
N,5.7800,4043.3338,6.0752,11.9340,7.3487,9.4030
N,5.8200,4043.3741,6.0729,12.0426,7.4554,9.4573
N,5.8600,4043.4138,6.0707,12.1513,7.5620,9.5116
N,5.9000,4043.4537,6.0684,12.2601,7.6685,9.5658
N,5.9200,4043.4738,6.0673,12.3145,7.7217,9.5928
N,5.9600,4043.5138,6.0651,12.4235,7.8281,9.6470
N,5.9800,4043.5338,6.0640,12.4780,7.8812,9.6740
N,6.0000,4043.5538,6.0628,12.5326,7.9344,9.7011
N,6.0400,4043.5937,6.0606,12.6417,8.0405,9.7552
N,6.0600,4043.6139,6.0595,12.6964,8.0935,9.7823
N,6.1000,4043.6537,6.0573,12.8057,8.1995,9.8364
N,6.1200,4043.6737,6.0562,12.8604,8.2524,9.8634
N,6.1400,4043.6938,6.0551,12.9151,8.3053,9.8905
N,6.1760,4043.7306,6.0531,13.0137,8.4004,9.9393
N,6.2160,4043.7697,6.0509,13.1232,8.5059,9.9935
N,6.2560,4043.8098,6.0487,13.2329,8.6112,10.0477
N,6.2760,4043.8299,6.0476,13.2877,8.6638,10.0748
N,6.3160,4043.8703,6.0454,13.3975,8.7689,10.1292
N,6.3560,4043.9098,6.0431,13.5074,8.8738,10.1836
N,6.3760,4043.9299,6.0420,13.5624,8.9262,10.2109
N,6.4160,4043.9698,6.0399,13.6724,9.0308,10.2654
N,6.4360,4043.9899,6.0388,13.7274,9.0830,10.2927
N,6.4760,4044.0300,6.0366,13.8376,9.1874,10.3475
N,6.5160,4044.0698,6.0344,13.9478,9.2915,10.4024
N,6.5360,4044.0901,6.0333,14.0029,9.3434,10.4299
N,6.5760,4044.1298,6.0312,14.1133,9.4472,10.4850
N,6.5960,4044.1499,6.0301,14.1685,9.4990,10.5126
N,6.6360,4044.1898,6.0279,14.2789,9.6025,10.5679
N,6.6560,4044.2099,6.0268,14.3342,9.6541,10.5956
N,6.6960,4044.2497,6.0247,14.4448,9.7572,10.6512
N,6.7360,4044.2898,6.0226,14.5554,9.8601,10.7069
N,6.7560,4044.3098,6.0215,14.6107,9.9115,10.7348
N,6.7960,4044.3499,6.0194,14.7215,10.0140,10.7908
N,6.8360,4044.3898,6.0172,14.8323,10.1162,10.8470
N,6.8760,4044.4297,6.0151,14.9431,10.2182,10.9034
N,6.8960,4044.4498,6.0140,14.9986,10.2691,10.9317
N,6.9160,4044.4700,6.0130,15.0540,10.3199,10.9601
N,6.9560,4044.5099,6.0108,15.1650,10.4214,11.0169
N,6.9960,4044.5498,6.0087,15.2760,10.5225,11.0740
N,7.0360,4044.5897,6.0066,15.3871,10.6234,11.1313
N,7.0560,4044.6100,6.0055,15.4427,10.6737,11.1601
N,7.0960,4044.6499,6.0034,15.5538,10.7741,11.2178
N,7.1360,4044.6897,6.0013,15.6650,10.8742,11.2758
N,7.1760,4044.7296,5.9992,15.7762,10.9740,11.3340
N,7.1960,4044.7498,5.9981,15.8318,11.0238,11.3632
N,7.2360,4044.7898,5.9960,15.9431,11.1231,11.4219
N,7.2760,4044.8297,5.9940,16.0545,11.2221,11.4809
N,7.2960,4044.8499,5.9929,16.1102,11.2715,11.5105
N,7.3360,4044.8898,5.9909,16.2216,11.3700,11.5699
N,7.3760,4044.9296,5.9888,16.3330,11.4681,11.6296
N,7.3960,4044.9497,5.9878,16.3887,11.5170,11.6597
N,7.4160,4044.9700,5.9868,16.4444,11.5658,11.6898
N,7.4560,4045.0098,5.9847,16.5559,11.6632,11.7503
N,7.4960,4045.0499,5.9827,16.6675,11.7601,11.8112
N,7.5360,4045.0900,5.9807,16.7791,11.8567,11.8725
N,7.5760,4045.1298,5.9787,16.8907,11.9528,11.9343
N,7.5960,4045.1499,5.9777,16.9465,12.0007,11.9653
N,7.6360,4045.1902,5.9757,17.0582,12.0961,12.0278
N,7.6760,4045.2297,5.9738,17.1699,12.1911,12.0907
N,7.6960,4045.2499,5.9728,17.2258,12.2383,12.1224
N,7.7360,4045.2901,5.9709,17.3376,12.3326,12.1861
N,7.7760,4045.3297,5.9690,17.4495,12.4265,12.2502
N,7.7960,4045.3499,5.9680,17.5054,12.4732,12.2825
N,7.8360,4045.3901,5.9662,17.6173,12.5662,12.3475
N,7.8760,4045.4298,5.9644,17.7292,12.6587,12.4130
N,7.8960,4045.4498,5.9635,17.7851,12.7047,12.4460
N,7.9160,4045.4701,5.9626,17.8411,12.7506,12.4791
N,7.9560,4045.5099,5.9608,17.9529,12.8418,12.5457
N,7.9960,4045.5500,5.9591,18.0646,12.9324,12.6128
N,8.0360,4045.5899,5.9575,18.1764,13.0224,12.6806
N,8.0760,4045.6300,5.9558,18.2880,13.1116,12.7490
N,8.1160,4045.6700,5.9543,18.3996,13.2001,12.8181
N,8.1360,4045.6900,5.9535,18.4554,13.2441,12.8529
N,8.1760,4045.7299,5.9520,18.5670,13.3316,12.9230
N,8.2160,4045.7698,5.9506,18.6785,13.4183,12.9937
N,8.2360,4045.7899,5.9500,18.7343,13.4614,13.0293
N,8.2760,4045.8297,5.9488,18.8458,13.5470,13.1012
N,8.2960,4045.8500,5.9482,18.9015,13.5895,13.1374
N,8.3360,4045.8898,5.9467,19.0175,13.6749,13.2159
N,8.3560,4045.9098,5.9460,19.0815,13.7185,13.2631
N,8.3960,4045.9497,5.9508,19.2138,13.8019,13.3671
N,8.4160,4045.9698,5.9578,19.2794,13.8414,13.4206
N,8.4360,4045.9899,5.9680,19.3435,13.8791,13.4738
N,8.4560,4046.0099,5.9811,19.4052,13.9149,13.5255
N,8.4960,4046.0499,6.0120,19.5187,13.9821,13.6191
N,8.5160,4046.0699,6.0278,19.5699,14.0141,13.6596
N,8.5560,4046.1097,6.0563,19.6616,14.0768,13.7267
N,8.5760,4046.1299,6.0680,19.7025,14.1078,13.7535
N,8.5960,4046.1502,6.0777,19.7403,14.1388,13.7759
N,8.6360,4046.1897,6.0910,19.8074,14.2007,13.8085
N,8.6560,4046.2098,6.0949,19.8370,14.2316,13.8190
N,8.6960,4046.2497,6.0980,19.8886,14.2933,13.8296
N,8.7360,4046.2897,6.0965,19.9308,14.3543,13.8271
N,8.7560,4046.3098,6.0945,19.9485,14.3845,13.8214
N,8.7960,4046.3498,6.0888,19.9778,14.4440,13.8016
N,8.8160,4046.3699,6.0854,19.9896,14.4732,13.7880
N,8.8560,4046.4098,6.0780,20.0077,14.5306,13.7539
N,8.8960,4046.4497,6.0704,20.0194,14.5866,13.7116
N,8.9160,4046.4698,6.0667,20.0230,14.6140,13.6877
N,8.9360,4046.4900,6.0630,20.0252,14.6410,13.6620
N,8.9760,4046.5299,6.0558,20.0259,14.6939,13.6060
N,8.9960,4046.5499,6.0524,20.0244,14.7198,13.5758
N,9.0360,4046.5898,6.0459,20.0181,14.7706,13.5112
N,9.0560,4046.6098,6.0428,20.0134,14.7955,13.4770
N,9.0960,4046.6499,6.0369,20.0010,14.8442,13.4049
N,9.1160,4046.6700,6.0340,19.9934,14.8680,13.3671
N,9.1560,4046.7099,6.0286,19.9756,14.9146,13.2883
N,9.1760,4046.7300,6.0260,19.9655,14.9375,13.2473
N,9.2160,4046.7699,6.0209,19.9428,14.9821,13.1625
N,9.2360,4046.7900,6.0185,19.9304,15.0039,13.1188
N,9.2760,4046.8298,6.0138,19.9034,15.0465,13.0287
N,9.2960,4046.8499,6.0115,19.8889,15.0673,12.9824
N,9.3360,4046.8898,6.0071,19.8580,15.1079,12.8877
N,9.3760,4046.9298,6.0030,19.8249,15.1471,12.7903
N,9.3960,4046.9498,6.0009,19.8075,15.1662,12.7406
N,9.4360,4046.9900,5.9970,19.7713,15.2034,12.6395
N,9.4760,4047.0298,5.9933,19.7332,15.2394,12.5364
N,9.4960,4047.0499,5.9915,19.7135,15.2568,12.4840
N,9.5360,4047.0897,5.9880,19.6730,15.2908,12.3780
N,9.5560,4047.1103,5.9863,19.6521,15.3074,12.3244
N,9.5960,4047.1498,5.9830,19.6094,15.3394,12.2159
N,9.6360,4047.1899,5.9798,19.5653,15.3703,12.1061
N,9.6760,4047.2300,5.9767,19.5201,15.3999,11.9949
N,9.7160,4047.2698,5.9738,19.4738,15.4283,11.8826
N,9.7360,4047.2899,5.9723,19.4503,15.4421,11.8260
N,9.7760,4047.3299,5.9695,19.4025,15.4687,11.7121
N,9.8160,4047.3698,5.9667,19.3538,15.4942,11.5973
N,9.8360,4047.3901,5.9654,19.3291,15.5066,11.5396
N,9.8760,4047.4298,5.9627,19.2793,15.5304,11.4236
N,9.9160,4047.4698,5.9601,19.2287,15.5531,11.3068
N,9.9360,4047.4899,5.9588,19.2031,15.5641,11.2481
N,9.9560,4047.5099,5.9575,19.1774,15.5748,11.1893
N,9.9960,4047.5499,5.9550,19.1256,15.5954,11.0712
N,10.0360,4047.5898,5.9525,19.0732,15.6151,10.9525
N,10.0760,4047.6297,5.9500,19.0204,15.6337,10.8333
N,10.0960,4047.6498,5.9488,18.9938,15.6427,10.7735
N,10.1160,4047.6700,5.9476,18.9670,15.6514,10.7136
N,10.1560,4047.7098,5.9452,18.9133,15.6682,10.5935
N,10.1960,4047.7499,5.9428,18.8592,15.6840,10.4729
N,10.2360,4047.7900,5.9404,18.8048,15.6989,10.3520
N,10.2760,4047.8296,5.9380,18.7501,15.7130,10.2307
N,10.2960,4047.8497,5.9368,18.7226,15.7197,10.1700
N,10.3360,4047.8897,5.9344,18.6675,15.7325,10.0482
N,10.3560,4047.9098,5.9333,18.6399,15.7385,9.9872
N,10.3760,4047.9299,5.9321,18.6122,15.7444,9.9262
N,10.3960,4047.9499,5.9309,18.5845,15.7501,9.8650
N,10.4160,4047.9700,5.9297,18.5568,15.7556,9.8039
N,10.4560,4048.0097,5.9274,18.5012,15.7659,9.6813
N,10.4760,4048.0300,5.9262,18.4733,15.7708,9.6200
N,10.5160,4048.0697,5.9239,18.4175,15.7801,9.4971
N,10.5360,4048.0898,5.9227,18.3896,15.7844,9.4356
N,10.5560,4048.1100,5.9216,18.3616,15.7885,9.3740
N,10.5760,4048.1300,5.9204,18.3337,15.7925,9.3124
N,10.6160,4048.1698,5.9181,18.2777,15.7999,9.1890
N,10.6360,4048.1898,5.9169,18.2496,15.8033,9.1272
N,10.6560,4048.2098,5.9158,18.2216,15.8065,9.0654
N,10.6760,4048.2299,5.9146,18.1936,15.8096,9.0035
N,10.7160,4048.2699,5.9123,18.1376,15.8153,8.8797
N,10.7560,4048.3101,5.9100,18.0815,15.8203,8.7556
N,10.7960,4048.3499,5.9077,18.0256,15.8247,8.6314
N,10.8160,4048.3700,5.9065,17.9975,15.8265,8.5692
N,10.8560,4048.4099,5.9039,17.9407,15.8290,8.4445
N,10.8960,4048.4498,5.9006,17.8835,15.8308,8.3190
N,10.9160,4048.4700,5.8987,17.8550,15.8316,8.2560
